genotype	feature	position	chr	chr_position	n	quality	match
HPV18_Qv15957	left	5736	chr8	128230635	681	HCT	120
HPV18_Qv15957	right	2497	chr8	128241546	483	HCT	121
HPV18_Qv15957	left	5737	chr8	128230635	8	HCT	113
HPV18_Qv15957	right	3100	chr8	128233367	2	HCT	107
HPV18_Qv15957	right	2497	chr12	99120890	40	HC	27
HPV18_Qv15957	left	5730	chr8	128230640	2	CT	110
HPV18_Qv15957	right	800	chr1	52502448	1	HT	112
HPV18_Qv15957	right	7857	chr5	85128711	1	HT	110
HPV18_Qv15957	left	7136	chr1	190861458	1	HT	98
HPV18_Qv15957	left	7400	chr5	136312437	1	HT	94
HPV18_Qv15957	left	5738	chr8	128230634	1	HT	92
HPV18_Qv15957	right	7310	chr20	17420369	1	HT	84
HPV18_Qv15957	right	112	chr1	69081813	1	HT	82
HPV18_Qv15957	left	6811	chr20	50086885	1	HT	75
HPV18_Qv15957	left	1214	chr8	128914648	1	HT	49
HPV18_Qv15957	right	2495	chr8	128241547	1	HT	47
HPV18_Qv15957	right	3100	chr8	128233368	1	HT	44
HPV18_Qv15957	right	1008	chr8	128342812	1	HT	39
HPV18_Qv15957	right	7769	chr1	73948819	1	HT	34
HPV18_Qv15957	left	6266	chr3	4082715	1	H	112
HPV16_REF	right	5244	chr3	181445748	1	H	110
HPV18_Qv15957	left	934	chrX	116132454	1	H	93
HPV18_Qv15957	right	7611	chr2	137727371	1	H	82
HPV18_Qv15957	right	6206	chr7	37084664	1	H	76
HPV16_REF	left	4718	chr9	91119444	1	H	63
HPV18_Qv15957	left	7097	chr3	42874730	1	H	63
HPV18_Qv15957	right	1692	chr13	21357234	1	H	50
HPV18_Qv15957	right	1190	chr19	11046107	1	H	49
HPV18_Qv15957	right	7773	chr19	41935062	1	H	37
HPV16_REF	right	5753	chr5	85985156	1	H	33
HPV18_Qv15957	right	2313	chr12	67799944	2	C	70
HPV18_Qv15957	right	6473	chr1	208365950	2	C	53
HPV16_REF	right	4731	chr9	11893029	1	T	45
HPV16_REF	right	4731	chr9	27024018	1	T	45
HPV16_REF	right	4731	chr9	75682165	1	T	45
HPV16_REF	right	4731	chr9	98161934	1	T	45
HPV18_Qv15957	right	2313	chr1	50120131	1	NA	68
HPV18_Qv15957	right	2313	chr1	227113271	1	NA	68
HPV18_Qv15957	right	2313	chr10	65778672	1	NA	68
HPV18_Qv15957	right	2313	chr10	78235284	1	NA	68
HPV18_Qv15957	right	2313	chr11	16520484	1	NA	68
HPV18_Qv15957	right	2313	chr11	31568159	1	NA	68
HPV18_Qv15957	right	2313	chr11	51334209	1	NA	68
HPV18_Qv15957	right	2313	chr11	99382309	1	NA	68
HPV18_Qv15957	right	2313	chr12	77656311	1	NA	68
HPV18_Qv15957	right	2313	chr13	37045966	1	NA	68
HPV18_Qv15957	right	2313	chr13	40425950	1	NA	68
HPV18_Qv15957	right	2313	chr13	75112988	1	NA	68
HPV18_Qv15957	right	2313	chr13	93171509	1	NA	68
HPV18_Qv15957	right	2313	chr17	31389715	1	NA	68
HPV18_Qv15957	right	2313	chr17	64596236	1	NA	68
HPV18_Qv15957	right	2313	chr18	53469570	1	NA	68
HPV18_Qv15957	right	2313	chr19	40142458	1	NA	68
HPV18_Qv15957	right	2313	chr19	42163587	1	NA	68
HPV18_Qv15957	right	2313	chr2	39805693	1	NA	68
HPV18_Qv15957	right	2313	chr2	77391562	1	NA	68
HPV18_Qv15957	right	2313	chr2	100771657	1	NA	68
HPV18_Qv15957	right	2313	chr2	209698922	1	NA	68
HPV18_Qv15957	right	2313	chr3	89799254	1	NA	68
HPV18_Qv15957	right	2313	chr3	113193263	1	NA	68
HPV18_Qv15957	right	2313	chr3	113203745	1	NA	68
HPV18_Qv15957	right	2313	chr3	165292605	1	NA	68
HPV18_Qv15957	right	2313	chr4	182704309	1	NA	68
HPV18_Qv15957	right	2313	chr5	101256988	1	NA	68
HPV18_Qv15957	right	2313	chr5	104340888	1	NA	68
HPV18_Qv15957	right	2313	chr5	122653502	1	NA	68
HPV18_Qv15957	right	2313	chr6	6426936	1	NA	68
HPV18_Qv15957	right	2313	chr6	44555438	1	NA	68
HPV18_Qv15957	right	2313	chr6	46196047	1	NA	68
HPV18_Qv15957	right	2313	chr6	84207988	1	NA	68
HPV18_Qv15957	right	2313	chr6	146175362	1	NA	68
HPV18_Qv15957	right	2313	chr6	160094258	1	NA	68
HPV18_Qv15957	right	2313	chr7	70305786	1	NA	68
HPV18_Qv15957	right	2313	chr8	52551389	1	NA	68
HPV18_Qv15957	right	2313	chr9	17266570	1	NA	68
HPV18_Qv15957	right	2313	chr9	21911255	1	NA	68
HPV18_Qv15957	right	2313	chr9	38781975	1	NA	68
HPV18_Qv15957	right	2313	chr9	45142123	1	NA	68
HPV18_Qv15957	right	2313	chrX	68900199	1	NA	68
HPV18_Qv15957	right	2313	chrX	121013835	1	NA	68
HPV18_Qv15957	right	2313	chrX	123719014	1	NA	68
HPV18_Qv15957	right	2313	chrX	126238497	1	NA	68
HPV18_Qv15957	right	2313	chrY	15140861	1	NA	68
HPV18_Qv15957	right	2313	chr1	45630616	1	NA	67
HPV18_Qv15957	right	2313	chr1	45648548	1	NA	67
HPV18_Qv15957	right	2313	chr1	48756647	1	NA	67
HPV18_Qv15957	right	2313	chr1	48833002	1	NA	67
HPV18_Qv15957	right	2313	chr1	50403140	1	NA	67
HPV18_Qv15957	right	2313	chr1	55578471	1	NA	67
HPV18_Qv15957	right	2313	chr1	56831415	1	NA	67
HPV18_Qv15957	right	2313	chr1	58031576	1	NA	67
HPV18_Qv15957	right	2313	chr1	59719099	1	NA	67
HPV18_Qv15957	right	2313	chr1	60958283	1	NA	67
HPV18_Qv15957	right	2313	chr1	67548113	1	NA	67
HPV18_Qv15957	right	2313	chr1	69203326	1	NA	67
HPV18_Qv15957	right	2313	chr1	69565752	1	NA	67
HPV18_Qv15957	right	2313	chr1	71981886	1	NA	67
HPV18_Qv15957	right	2313	chr1	76245894	1	NA	67
HPV18_Qv15957	right	2313	chr1	77378144	1	NA	67
HPV18_Qv15957	right	2313	chr1	78626981	1	NA	67
HPV18_Qv15957	right	2313	chr1	78655183	1	NA	67
HPV18_Qv15957	right	2313	chr1	78778330	1	NA	67
HPV18_Qv15957	right	2313	chr1	80407611	1	NA	67
HPV18_Qv15957	right	2313	chr1	81251832	1	NA	67
HPV18_Qv15957	right	2313	chr1	81408457	1	NA	67
HPV18_Qv15957	right	2313	chr1	81413700	1	NA	67
HPV18_Qv15957	right	2313	chr1	84521598	1	NA	67
HPV18_Qv15957	right	2313	chr1	86216695	1	NA	67
HPV18_Qv15957	right	2313	chr1	86294140	1	NA	67
HPV18_Qv15957	right	2313	chr1	86395244	1	NA	67
HPV18_Qv15957	right	2313	chr1	86631559	1	NA	67
HPV18_Qv15957	right	2313	chr1	87148302	1	NA	67
HPV18_Qv15957	right	2313	chr1	89182010	1	NA	67
HPV18_Qv15957	right	2313	chr1_gl000192_random	234287	1	NA	67
HPV18_Qv15957	right	2313	chr10	83891	1	NA	67
HPV18_Qv15957	right	2313	chr10	6415136	1	NA	67
HPV18_Qv15957	right	2313	chr10	7103530	1	NA	67
HPV18_Qv15957	right	2313	chr10	7181379	1	NA	67
HPV18_Qv15957	right	2313	chr10	11776973	1	NA	67
HPV18_Qv15957	right	2313	chr10	15918050	1	NA	67
HPV18_Qv15957	right	2313	chr10	20788090	1	NA	67
HPV18_Qv15957	right	2313	chr10	21044129	1	NA	67
HPV18_Qv15957	right	2313	chr10	21228992	1	NA	67
HPV18_Qv15957	right	2313	chr10	22800692	1	NA	67
HPV18_Qv15957	right	2313	chr10	23514996	1	NA	67
HPV18_Qv15957	right	2313	chr10	27709799	1	NA	67
HPV18_Qv15957	right	2313	chr10	27719916	1	NA	67
HPV18_Qv15957	right	2313	chr10	31398845	1	NA	67
HPV18_Qv15957	right	2313	chr10	31735876	1	NA	67
HPV18_Qv15957	right	2313	chr10	31760618	1	NA	67
HPV18_Qv15957	right	2313	chr10	37331216	1	NA	67
HPV18_Qv15957	right	2313	chr10	38665091	1	NA	67
HPV18_Qv15957	right	2313	chr10	44766380	1	NA	67
HPV18_Qv15957	right	2313	chr10	45860090	1	NA	67
HPV18_Qv15957	right	2313	chr10	53704749	1	NA	67
HPV18_Qv15957	right	2313	chr10	54493674	1	NA	67
HPV18_Qv15957	right	2313	chr10	57446369	1	NA	67
HPV18_Qv15957	right	2313	chr10	57661891	1	NA	67
HPV18_Qv15957	right	2313	chr10	57948487	1	NA	67
HPV18_Qv15957	right	2313	chr10	64366052	1	NA	67
HPV18_Qv15957	right	2313	chr10	65882537	1	NA	67
HPV18_Qv15957	right	2313	chr10	66596969	1	NA	67
HPV18_Qv15957	right	2313	chr10	68205058	1	NA	67
HPV18_Qv15957	right	2313	chr10	86888117	1	NA	67
HPV18_Qv15957	right	2313	chr11	5240748	1	NA	67
HPV18_Qv15957	right	2313	chr11	5501220	1	NA	67
HPV18_Qv15957	right	2313	chr11	6928425	1	NA	67
HPV18_Qv15957	right	2313	chr11	7788313	1	NA	67
HPV18_Qv15957	right	2313	chr11	11219559	1	NA	67
HPV18_Qv15957	right	2313	chr11	17364394	1	NA	67
HPV18_Qv15957	right	2313	chr11	18147269	1	NA	67
HPV18_Qv15957	right	2313	chr11	19643836	1	NA	67
HPV18_Qv15957	right	2313	chr11	24351988	1	NA	67
HPV18_Qv15957	right	2313	chr11	25045714	1	NA	67
HPV18_Qv15957	right	2313	chr11	25521197	1	NA	67
HPV18_Qv15957	right	2313	chr11	27963236	1	NA	67
HPV18_Qv15957	right	2313	chr11	31340739	1	NA	67
HPV18_Qv15957	right	2313	chr11	36576694	1	NA	67
HPV18_Qv15957	right	2313	chr11	39870698	1	NA	67
HPV18_Qv15957	right	2313	chr11	41568943	1	NA	67
HPV18_Qv15957	right	2313	chr11	42538811	1	NA	67
HPV18_Qv15957	right	2313	chr11	48210833	1	NA	67
HPV18_Qv15957	right	2313	chr11	48823533	1	NA	67
HPV18_Qv15957	right	2313	chr11	48872783	1	NA	67
HPV18_Qv15957	right	2313	chr11	51168272	1	NA	67
HPV18_Qv15957	right	2313	chr11	51270638	1	NA	67
HPV18_Qv15957	right	2313	chr11	55989552	1	NA	67
HPV18_Qv15957	right	2313	chr11	62857811	1	NA	67
HPV18_Qv15957	right	2313	chr11	63083085	1	NA	67
HPV18_Qv15957	right	2313	chr11	71224708	1	NA	67
HPV18_Qv15957	right	2313	chr11	78392356	1	NA	67
HPV18_Qv15957	right	2313	chr11	81248864	1	NA	67
HPV18_Qv15957	right	2313	chr12	3504912	1	NA	67
HPV18_Qv15957	right	2313	chr12	3611901	1	NA	67
HPV18_Qv15957	right	2313	chr12	10500575	1	NA	67
HPV18_Qv15957	right	2313	chr12	16533611	1	NA	67
HPV18_Qv15957	right	2313	chr12	21778032	1	NA	67
HPV18_Qv15957	right	2313	chr12	21946019	1	NA	67
HPV18_Qv15957	right	2313	chr12	26825111	1	NA	67
HPV18_Qv15957	right	2313	chr12	28829450	1	NA	67
HPV18_Qv15957	right	2313	chr12	29478311	1	NA	67
HPV18_Qv15957	right	2313	chr12	30065446	1	NA	67
HPV18_Qv15957	right	2313	chr12	30743910	1	NA	67
HPV18_Qv15957	right	2313	chr12	38158122	1	NA	67
HPV18_Qv15957	right	2313	chr12	39195938	1	NA	67
HPV18_Qv15957	right	2313	chr12	43624019	1	NA	67
HPV18_Qv15957	right	2313	chr12	43867268	1	NA	67
HPV18_Qv15957	right	2313	chr12	44302778	1	NA	67
HPV18_Qv15957	right	2313	chr12	46818247	1	NA	67
HPV18_Qv15957	right	2313	chr12	55493577	1	NA	67
HPV18_Qv15957	right	2313	chr12	55956748	1	NA	67
HPV18_Qv15957	right	2313	chr12	55986204	1	NA	67
HPV18_Qv15957	right	2313	chr12	62318995	1	NA	67
HPV18_Qv15957	right	2313	chr12	68241121	1	NA	67
HPV18_Qv15957	right	2313	chr12	68296474	1	NA	67
HPV18_Qv15957	right	2313	chr12	70170728	1	NA	67
HPV18_Qv15957	right	2313	chr12	70202205	1	NA	67
HPV18_Qv15957	right	2313	chr12	70867808	1	NA	67
HPV18_Qv15957	right	2313	chr12	73680970	1	NA	67
HPV18_Qv15957	right	2313	chr12	73791076	1	NA	67
HPV18_Qv15957	right	2313	chr12	75271145	1	NA	67
HPV18_Qv15957	right	2313	chr12	80641478	1	NA	67
HPV18_Qv15957	right	2313	chr13	19579388	1	NA	67
HPV18_Qv15957	right	2313	chr13	20073417	1	NA	67
HPV18_Qv15957	right	2313	chr13	23101495	1	NA	67
HPV18_Qv15957	right	2313	chr13	30219382	1	NA	67
HPV18_Qv15957	right	2313	chr13	31867472	1	NA	67
HPV18_Qv15957	right	2313	chr13	31878943	1	NA	67
HPV18_Qv15957	right	2313	chr13	34163970	1	NA	67
HPV18_Qv15957	right	2313	chr13	35057938	1	NA	67
HPV18_Qv15957	right	2313	chr13	35560706	1	NA	67
HPV18_Qv15957	right	2313	chr13	38688788	1	NA	67
HPV18_Qv15957	right	2313	chr13	39578520	1	NA	67
HPV18_Qv15957	right	2313	chr13	40932919	1	NA	67
HPV18_Qv15957	right	2313	chr13	41442246	1	NA	67
HPV18_Qv15957	right	2313	chr13	42112417	1	NA	67
HPV18_Qv15957	right	2313	chr13	47954878	1	NA	67
HPV18_Qv15957	right	2313	chr13	50757971	1	NA	67
HPV18_Qv15957	right	2313	chr13	51345934	1	NA	67
HPV18_Qv15957	right	2313	chr13	52267853	1	NA	67
HPV18_Qv15957	right	2313	chr13	52559681	1	NA	67
HPV18_Qv15957	right	2313	chr13	53123680	1	NA	67
HPV18_Qv15957	right	2313	chr13	54173126	1	NA	67
HPV18_Qv15957	right	2313	chr13	55430367	1	NA	67
HPV18_Qv15957	right	2313	chr13	60167386	1	NA	67
HPV18_Qv15957	right	2313	chr13	67314100	1	NA	67
HPV18_Qv15957	right	2313	chr13	75002957	1	NA	67
HPV18_Qv15957	right	2313	chr13	81093612	1	NA	67
HPV18_Qv15957	right	2313	chr13	103176992	1	NA	67
HPV18_Qv15957	right	2313	chr14	19063848	1	NA	67
HPV18_Qv15957	right	2313	chr14	24958630	1	NA	67
HPV18_Qv15957	right	2313	chr14	24997760	1	NA	67
HPV18_Qv15957	right	2313	chr14	26766289	1	NA	67
HPV18_Qv15957	right	2313	chr14	27102012	1	NA	67
HPV18_Qv15957	right	2313	chr14	27146059	1	NA	67
HPV18_Qv15957	right	2313	chr14	30246978	1	NA	67
HPV18_Qv15957	right	2313	chr14	30835235	1	NA	67
HPV18_Qv15957	right	2313	chr14	31157554	1	NA	67
HPV18_Qv15957	right	2313	chr14	32266474	1	NA	67
HPV18_Qv15957	right	2313	chr14	32989030	1	NA	67
HPV18_Qv15957	right	2313	chr14	37765137	1	NA	67
HPV18_Qv15957	right	2313	chr14	38239542	1	NA	67
HPV18_Qv15957	right	2313	chr14	38253370	1	NA	67
HPV18_Qv15957	right	2313	chr14	39488994	1	NA	67
HPV18_Qv15957	right	2313	chr14	40057010	1	NA	67
HPV18_Qv15957	right	2313	chr14	40819754	1	NA	67
HPV18_Qv15957	right	2313	chr14	40849293	1	NA	67
HPV18_Qv15957	right	2313	chr14	43440254	1	NA	67
HPV18_Qv15957	right	2313	chr14	43841960	1	NA	67
HPV18_Qv15957	right	2313	chr14	45177821	1	NA	67
HPV18_Qv15957	right	2313	chr14	45325237	1	NA	67
HPV18_Qv15957	right	2313	chr14	45949878	1	NA	67
HPV18_Qv15957	right	2313	chr14	53768641	1	NA	67
HPV18_Qv15957	right	2313	chr14	53787394	1	NA	67
HPV18_Qv15957	right	2313	chr14	57808342	1	NA	67
HPV18_Qv15957	right	2313	chr14	61525373	1	NA	67
HPV18_Qv15957	right	2313	chr14	63005037	1	NA	67
HPV18_Qv15957	right	2313	chr14	63586963	1	NA	67
HPV18_Qv15957	right	2313	chr14	68337281	1	NA	67
HPV18_Qv15957	right	2313	chr14	71016500	1	NA	67
HPV18_Qv15957	right	2313	chr14	77213246	1	NA	67
HPV18_Qv15957	right	2313	chr15	20518769	1	NA	67
HPV18_Qv15957	right	2313	chr15	24400967	1	NA	67
HPV18_Qv15957	right	2313	chr15	30536103	1	NA	67
HPV18_Qv15957	right	2313	chr15	31144342	1	NA	67
HPV18_Qv15957	right	2313	chr15	32341383	1	NA	67
HPV18_Qv15957	right	2313	chr15	32586971	1	NA	67
HPV18_Qv15957	right	2313	chr15	38863344	1	NA	67
HPV18_Qv15957	right	2313	chr15	39077437	1	NA	67
HPV18_Qv15957	right	2313	chr15	50074230	1	NA	67
HPV18_Qv15957	right	2313	chr15	51712951	1	NA	67
HPV18_Qv15957	right	2313	chr15	51885740	1	NA	67
HPV18_Qv15957	right	2313	chr15	53477885	1	NA	67
HPV18_Qv15957	right	2313	chr15	55221805	1	NA	67
HPV18_Qv15957	right	2313	chr15	58104859	1	NA	67
HPV18_Qv15957	right	2313	chr15	67744096	1	NA	67
HPV18_Qv15957	right	2313	chr15	71023960	1	NA	67
HPV18_Qv15957	right	2313	chr15	71280509	1	NA	67
HPV18_Qv15957	right	2313	chr15	71468955	1	NA	67
HPV18_Qv15957	right	2313	chr15	73511798	1	NA	67
HPV18_Qv15957	right	2313	chr15	77555073	1	NA	67
HPV18_Qv15957	right	2313	chr15	79014663	1	NA	67
HPV18_Qv15957	right	2313	chr15	83555180	1	NA	67
HPV18_Qv15957	right	2313	chr15	84054893	1	NA	67
HPV18_Qv15957	right	2313	chr15	84123094	1	NA	67
HPV18_Qv15957	right	2313	chr15	87073818	1	NA	67
HPV18_Qv15957	right	2313	chr15	88055612	1	NA	67
HPV18_Qv15957	right	2313	chr15	91634420	1	NA	67
HPV18_Qv15957	right	2313	chr15	100371693	1	NA	67
HPV18_Qv15957	right	2313	chr15	100907965	1	NA	67
HPV18_Qv15957	right	2313	chr15	100959765	1	NA	67
HPV18_Qv15957	right	2313	chr16	5798410	1	NA	67
HPV18_Qv15957	right	2313	chr16	16937932	1	NA	67
HPV18_Qv15957	right	2313	chr16	18836114	1	NA	67
HPV18_Qv15957	right	2313	chr16	23107791	1	NA	67
HPV18_Qv15957	right	2313	chr16	31951487	1	NA	67
HPV18_Qv15957	right	2313	chr16	34705535	1	NA	67
HPV18_Qv15957	right	2313	chr16	34770569	1	NA	67
HPV18_Qv15957	right	2313	chr16	34846385	1	NA	67
HPV18_Qv15957	right	2313	chr16	47845419	1	NA	67
HPV18_Qv15957	right	2313	chr16	48699777	1	NA	67
HPV18_Qv15957	right	2313	chr16	52045050	1	NA	67
HPV18_Qv15957	right	2313	chr16	54078498	1	NA	67
HPV18_Qv15957	right	2313	chr16	59266164	1	NA	67
HPV18_Qv15957	right	2313	chr16	60012989	1	NA	67
HPV18_Qv15957	right	2313	chr16	60559155	1	NA	67
HPV18_Qv15957	right	2313	chr16	60910910	1	NA	67
HPV18_Qv15957	right	2313	chr16	61818469	1	NA	67
HPV18_Qv15957	right	2313	chr16	63029788	1	NA	67
HPV18_Qv15957	right	2313	chr16	63424471	1	NA	67
HPV18_Qv15957	right	2313	chr16	65587643	1	NA	67
HPV18_Qv15957	right	2313	chr16	65726385	1	NA	67
HPV18_Qv15957	right	2313	chr16	71542616	1	NA	67
HPV18_Qv15957	right	2313	chr16	80123500	1	NA	67
HPV18_Qv15957	right	2313	chr16	82175332	1	NA	67
HPV18_Qv15957	right	2313	chr16	83673362	1	NA	67
HPV18_Qv15957	right	2313	chr17	3252954	1	NA	67
HPV18_Qv15957	right	2313	chr17	6709320	1	NA	67
HPV18_Qv15957	right	2313	chr17	25337798	1	NA	67
HPV18_Qv15957	right	2313	chr17	25513485	1	NA	67
HPV18_Qv15957	right	2313	chr17	49406442	1	NA	67
HPV18_Qv15957	right	2313	chr17	52148306	1	NA	67
HPV18_Qv15957	right	2313	chr17	52719186	1	NA	67
HPV18_Qv15957	right	2313	chr17	54460318	1	NA	67
HPV18_Qv15957	right	2313	chr17	68457589	1	NA	67
HPV18_Qv15957	right	2313	chr17	68544491	1	NA	67
HPV18_Qv15957	right	2313	chr18	38282	1	NA	67
HPV18_Qv15957	right	2313	chr18	4895195	1	NA	67
HPV18_Qv15957	right	2313	chr18	5687159	1	NA	67
HPV18_Qv15957	right	2313	chr18	10576192	1	NA	67
HPV18_Qv15957	right	2313	chr18	13346610	1	NA	67
HPV18_Qv15957	right	2313	chr18	13979396	1	NA	67
HPV18_Qv15957	right	2313	chr18	20112094	1	NA	67
HPV18_Qv15957	right	2313	chr18	22294317	1	NA	67
HPV18_Qv15957	right	2313	chr18	22483698	1	NA	67
HPV18_Qv15957	right	2313	chr18	25092466	1	NA	67
HPV18_Qv15957	right	2313	chr18	32788235	1	NA	67
HPV18_Qv15957	right	2313	chr18	34457173	1	NA	67
HPV18_Qv15957	right	2313	chr18	34679572	1	NA	67
HPV18_Qv15957	right	2313	chr18	35402194	1	NA	67
HPV18_Qv15957	right	2313	chr18	41833739	1	NA	67
HPV18_Qv15957	right	2313	chr18	45166313	1	NA	67
HPV18_Qv15957	right	2313	chr18	45189234	1	NA	67
HPV18_Qv15957	right	2313	chr18	47300974	1	NA	67
HPV18_Qv15957	right	2313	chr18	50700177	1	NA	67
HPV18_Qv15957	right	2313	chr18	51953412	1	NA	67
HPV18_Qv15957	right	2313	chr18	60576009	1	NA	67
HPV18_Qv15957	right	2313	chr18	61530115	1	NA	67
HPV18_Qv15957	right	2313	chr18	67198034	1	NA	67
HPV18_Qv15957	right	2313	chr18	70637299	1	NA	67
HPV18_Qv15957	right	2313	chr18	71112281	1	NA	67
HPV18_Qv15957	right	2313	chr18	71139538	1	NA	67
HPV18_Qv15957	right	2313	chr19	21009944	1	NA	67
HPV18_Qv15957	right	2313	chr19	29719174	1	NA	67
HPV18_Qv15957	right	2313	chr19	35353581	1	NA	67
HPV18_Qv15957	right	2313	chr19	44368969	1	NA	67
HPV18_Qv15957	right	2313	chr2	802044	1	NA	67
HPV18_Qv15957	right	2313	chr2	4783811	1	NA	67
HPV18_Qv15957	right	2313	chr2	8321307	1	NA	67
HPV18_Qv15957	right	2313	chr2	11139769	1	NA	67
HPV18_Qv15957	right	2313	chr2	15459001	1	NA	67
HPV18_Qv15957	right	2313	chr2	31039167	1	NA	67
HPV18_Qv15957	right	2313	chr2	34800186	1	NA	67
HPV18_Qv15957	right	2313	chr2	35461447	1	NA	67
HPV18_Qv15957	right	2313	chr2	36343188	1	NA	67
HPV18_Qv15957	right	2313	chr2	41779261	1	NA	67
HPV18_Qv15957	right	2313	chr2	49311112	1	NA	67
HPV18_Qv15957	right	2313	chr2	52121085	1	NA	67
HPV18_Qv15957	right	2313	chr2	53390489	1	NA	67
HPV18_Qv15957	right	2313	chr2	57816035	1	NA	67
HPV18_Qv15957	right	2313	chr2	58612209	1	NA	67
HPV18_Qv15957	right	2313	chr2	59489208	1	NA	67
HPV18_Qv15957	right	2313	chr2	63318344	1	NA	67
HPV18_Qv15957	right	2313	chr2	66154855	1	NA	67
HPV18_Qv15957	right	2313	chr2	66857751	1	NA	67
HPV18_Qv15957	right	2313	chr2	66873278	1	NA	67
HPV18_Qv15957	right	2313	chr2	71642141	1	NA	67
HPV18_Qv15957	right	2313	chr2	72633460	1	NA	67
HPV18_Qv15957	right	2313	chr2	77448960	1	NA	67
HPV18_Qv15957	right	2313	chr2	103186352	1	NA	67
HPV18_Qv15957	right	2313	chr2	113264927	1	NA	67
HPV18_Qv15957	right	2313	chr2	114232600	1	NA	67
HPV18_Qv15957	right	2313	chr2	116560541	1	NA	67
HPV18_Qv15957	right	2313	chr2	125117416	1	NA	67
HPV18_Qv15957	right	2313	chr20	1524790	1	NA	67
HPV18_Qv15957	right	2313	chr20	6170199	1	NA	67
HPV18_Qv15957	right	2313	chr20	8093069	1	NA	67
HPV18_Qv15957	right	2313	chr20	10142343	1	NA	67
HPV18_Qv15957	right	2313	chr20	11615915	1	NA	67
HPV18_Qv15957	right	2313	chr20	12427304	1	NA	67
HPV18_Qv15957	right	2313	chr20	12565646	1	NA	67
HPV18_Qv15957	right	2313	chr20	18584046	1	NA	67
HPV18_Qv15957	right	2313	chr20	18934149	1	NA	67
HPV18_Qv15957	right	2313	chr20	23409237	1	NA	67
HPV18_Qv15957	right	2313	chr20	23599509	1	NA	67
HPV18_Qv15957	right	2313	chr20	23818731	1	NA	67
HPV18_Qv15957	right	2313	chr20	24904974	1	NA	67
HPV18_Qv15957	right	2313	chr20	25165000	1	NA	67
HPV18_Qv15957	right	2313	chr20	44104350	1	NA	67
HPV18_Qv15957	right	2313	chr20	53401538	1	NA	67
HPV18_Qv15957	right	2313	chr20	54437113	1	NA	67
HPV18_Qv15957	right	2313	chr21	10770320	1	NA	67
HPV18_Qv15957	right	2313	chr21	17290435	1	NA	67
HPV18_Qv15957	right	2313	chr21	24292647	1	NA	67
HPV18_Qv15957	right	2313	chr21	36869599	1	NA	67
HPV18_Qv15957	right	2313	chr22	49385112	1	NA	67
HPV18_Qv15957	right	2313	chr3	621720	1	NA	67
HPV18_Qv15957	right	2313	chr3	3088939	1	NA	67
HPV18_Qv15957	right	2313	chr3	4007252	1	NA	67
HPV18_Qv15957	right	2313	chr3	4406934	1	NA	67
HPV18_Qv15957	right	2313	chr3	4960713	1	NA	67
HPV18_Qv15957	right	2313	chr3	8760251	1	NA	67
HPV18_Qv15957	right	2313	chr3	22092524	1	NA	67
HPV18_Qv15957	right	2313	chr3	22870448	1	NA	67
HPV18_Qv15957	right	2313	chr3	23075429	1	NA	67
HPV18_Qv15957	right	2313	chr3	26443047	1	NA	67
HPV18_Qv15957	right	2313	chr3	34161098	1	NA	67
HPV18_Qv15957	right	2313	chr3	34458173	1	NA	67
HPV18_Qv15957	right	2313	chr3	34695817	1	NA	67
HPV18_Qv15957	right	2313	chr3	34948228	1	NA	67
HPV18_Qv15957	right	2313	chr3	41432392	1	NA	67
HPV18_Qv15957	right	2313	chr3	41687217	1	NA	67
HPV18_Qv15957	right	2313	chr3	41969474	1	NA	67
HPV18_Qv15957	right	2313	chr3	43108751	1	NA	67
HPV18_Qv15957	right	2313	chr3	46828135	1	NA	67
HPV18_Qv15957	right	2313	chr3	53959310	1	NA	67
HPV18_Qv15957	right	2313	chr3	54321581	1	NA	67
HPV18_Qv15957	right	2313	chr3	54431878	1	NA	67
HPV18_Qv15957	right	2313	chr3	55425359	1	NA	67
HPV18_Qv15957	right	2313	chr3	58747798	1	NA	67
HPV18_Qv15957	right	2313	chr3	70059324	1	NA	67
HPV18_Qv15957	right	2313	chr3	70068267	1	NA	67
HPV18_Qv15957	right	2313	chr3	76444105	1	NA	67
HPV18_Qv15957	right	2313	chr3	88921474	1	NA	67
HPV18_Qv15957	right	2313	chr4	5767164	1	NA	67
HPV18_Qv15957	right	2313	chr4	11066075	1	NA	67
HPV18_Qv15957	right	2313	chr4	11239344	1	NA	67
HPV18_Qv15957	right	2313	chr4	12907542	1	NA	67
HPV18_Qv15957	right	2313	chr4	14014617	1	NA	67
HPV18_Qv15957	right	2313	chr4	14759229	1	NA	67
HPV18_Qv15957	right	2313	chr4	15845662	1	NA	67
HPV18_Qv15957	right	2313	chr4	16947198	1	NA	67
HPV18_Qv15957	right	2313	chr4	19083061	1	NA	67
HPV18_Qv15957	right	2313	chr4	21163505	1	NA	67
HPV18_Qv15957	right	2313	chr4	23618888	1	NA	67
HPV18_Qv15957	right	2313	chr4	23646900	1	NA	67
HPV18_Qv15957	right	2313	chr4	26925777	1	NA	67
HPV18_Qv15957	right	2313	chr4	27380848	1	NA	67
HPV18_Qv15957	right	2313	chr4	46727813	1	NA	67
HPV18_Qv15957	right	2313	chr4	48870133	1	NA	67
HPV18_Qv15957	right	2313	chr4	48923411	1	NA	67
HPV18_Qv15957	right	2313	chr4	52804780	1	NA	67
HPV18_Qv15957	right	2313	chr4	53322254	1	NA	67
HPV18_Qv15957	right	2313	chr4	53407128	1	NA	67
HPV18_Qv15957	right	2313	chr4	53685115	1	NA	67
HPV18_Qv15957	right	2313	chr4	54273711	1	NA	67
HPV18_Qv15957	right	2313	chr4	54693331	1	NA	67
HPV18_Qv15957	right	2313	chr4	54910446	1	NA	67
HPV18_Qv15957	right	2313	chr4	55398636	1	NA	67
HPV18_Qv15957	right	2313	chr4	58165097	1	NA	67
HPV18_Qv15957	right	2313	chr4	58636414	1	NA	67
HPV18_Qv15957	right	2313	chr4	59947056	1	NA	67
HPV18_Qv15957	right	2313	chr4	60050077	1	NA	67
HPV18_Qv15957	right	2313	chr4	68045245	1	NA	67
HPV18_Qv15957	right	2313	chr4	71196485	1	NA	67
HPV18_Qv15957	right	2313	chr5	4618030	1	NA	67
HPV18_Qv15957	right	2313	chr5	8222758	1	NA	67
HPV18_Qv15957	right	2313	chr5	9259699	1	NA	67
HPV18_Qv15957	right	2313	chr5	12453494	1	NA	67
HPV18_Qv15957	right	2313	chr5	13419102	1	NA	67
HPV18_Qv15957	right	2313	chr5	15910167	1	NA	67
HPV18_Qv15957	right	2313	chr5	18474418	1	NA	67
HPV18_Qv15957	right	2313	chr5	25382172	1	NA	67
HPV18_Qv15957	right	2313	chr5	27211911	1	NA	67
HPV18_Qv15957	right	2313	chr5	28758455	1	NA	67
HPV18_Qv15957	right	2313	chr5	28846672	1	NA	67
HPV18_Qv15957	right	2313	chr5	39686152	1	NA	67
HPV18_Qv15957	right	2313	chr5	42737317	1	NA	67
HPV18_Qv15957	right	2313	chr5	43343487	1	NA	67
HPV18_Qv15957	right	2313	chr5	43720545	1	NA	67
HPV18_Qv15957	right	2313	chr5	43914113	1	NA	67
HPV18_Qv15957	right	2313	chr5	43955601	1	NA	67
HPV18_Qv15957	right	2313	chr5	44043646	1	NA	67
HPV18_Qv15957	right	2313	chr5	45241480	1	NA	67
HPV18_Qv15957	right	2313	chr5	50630151	1	NA	67
HPV18_Qv15957	right	2313	chr5	52604525	1	NA	67
HPV18_Qv15957	right	2313	chr5	56650859	1	NA	67
HPV18_Qv15957	right	2313	chr5	57682494	1	NA	67
HPV18_Qv15957	right	2313	chr5	59343726	1	NA	67
HPV18_Qv15957	right	2313	chr5	60209952	1	NA	67
HPV18_Qv15957	right	2313	chr5	62115604	1	NA	67
HPV18_Qv15957	right	2313	chr5	62190242	1	NA	67
HPV18_Qv15957	right	2313	chr5	65682103	1	NA	67
HPV18_Qv15957	right	2313	chr5	67036266	1	NA	67
HPV18_Qv15957	right	2313	chr6	2421544	1	NA	67
HPV18_Qv15957	right	2313	chr6	4202282	1	NA	67
HPV18_Qv15957	right	2313	chr6	4833841	1	NA	67
HPV18_Qv15957	right	2313	chr6	9813474	1	NA	67
HPV18_Qv15957	right	2313	chr6	19767610	1	NA	67
HPV18_Qv15957	right	2313	chr6	22178620	1	NA	67
HPV18_Qv15957	right	2313	chr6	24085692	1	NA	67
HPV18_Qv15957	right	2313	chr6	24815442	1	NA	67
HPV18_Qv15957	right	2313	chr6	29750156	1	NA	67
HPV18_Qv15957	right	2313	chr6	30051915	1	NA	67
HPV18_Qv15957	right	2313	chr6	39424774	1	NA	67
HPV18_Qv15957	right	2313	chr6	40061609	1	NA	67
HPV18_Qv15957	right	2313	chr6	44734061	1	NA	67
HPV18_Qv15957	right	2313	chr6	46051546	1	NA	67
HPV18_Qv15957	right	2313	chr6	46181642	1	NA	67
HPV18_Qv15957	right	2313	chr6	48072816	1	NA	67
HPV18_Qv15957	right	2313	chr6	50600678	1	NA	67
HPV18_Qv15957	right	2313	chr6	53641441	1	NA	67
HPV18_Qv15957	right	2313	chr6	54537107	1	NA	67
HPV18_Qv15957	right	2313	chr6	56648056	1	NA	67
HPV18_Qv15957	right	2313	chr6	57102989	1	NA	67
HPV18_Qv15957	right	2313	chr6	57202136	1	NA	67
HPV18_Qv15957	right	2313	chr6	62231770	1	NA	67
HPV18_Qv15957	right	2313	chr6	62816218	1	NA	67
HPV18_Qv15957	right	2313	chr6	65102147	1	NA	67
HPV18_Qv15957	right	2313	chr6	76818866	1	NA	67
HPV18_Qv15957	right	2313	chr6_apd_hap1	1292146	1	NA	67
HPV18_Qv15957	right	2313	chr6_cox_hap2	849107	1	NA	67
HPV18_Qv15957	right	2313	chr6_cox_hap2	1564015	1	NA	67
HPV18_Qv15957	right	2313	chr6_dbb_hap3	1050949	1	NA	67
HPV18_Qv15957	right	2313	chr6_dbb_hap3	1345640	1	NA	67
HPV18_Qv15957	right	2313	chr6_dbb_hap3	3867875	1	NA	67
HPV18_Qv15957	right	2313	chr6_mann_hap4	633635	1	NA	67
HPV18_Qv15957	right	2313	chr6_mann_hap4	1050579	1	NA	67
HPV18_Qv15957	right	2313	chr6_mann_hap4	1215092	1	NA	67
HPV18_Qv15957	right	2313	chr6_mann_hap4	1350508	1	NA	67
HPV18_Qv15957	right	2313	chr6_mann_hap4	4042308	1	NA	67
HPV18_Qv15957	right	2313	chr6_mcf_hap5	633822	1	NA	67
HPV18_Qv15957	right	2313	chr6_mcf_hap5	1050615	1	NA	67
HPV18_Qv15957	right	2313	chr6_mcf_hap5	1433813	1	NA	67
HPV18_Qv15957	right	2313	chr6_qbl_hap6	1344885	1	NA	67
HPV18_Qv15957	right	2313	chr6_ssto_hap7	1087827	1	NA	67
HPV18_Qv15957	right	2313	chr6_ssto_hap7	1382355	1	NA	67
HPV18_Qv15957	right	2313	chr7	8281674	1	NA	67
HPV18_Qv15957	right	2313	chr7	9478638	1	NA	67
HPV18_Qv15957	right	2313	chr7	22570408	1	NA	67
HPV18_Qv15957	right	2313	chr7	22966430	1	NA	67
HPV18_Qv15957	right	2313	chr7	25085017	1	NA	67
HPV18_Qv15957	right	2313	chr7	30457630	1	NA	67
HPV18_Qv15957	right	2313	chr7	30481351	1	NA	67
HPV18_Qv15957	right	2313	chr7	30679960	1	NA	67
HPV18_Qv15957	right	2313	chr7	32124092	1	NA	67
HPV18_Qv15957	right	2313	chr7	32506640	1	NA	67
HPV18_Qv15957	right	2313	chr7	32740680	1	NA	67
HPV18_Qv15957	right	2313	chr7	34670274	1	NA	67
HPV18_Qv15957	right	2313	chr7	43101187	1	NA	67
HPV18_Qv15957	right	2313	chr7	43816275	1	NA	67
HPV18_Qv15957	right	2313	chr7	45357494	1	NA	67
HPV18_Qv15957	right	2313	chr7	45420633	1	NA	67
HPV18_Qv15957	right	2313	chr7	46379413	1	NA	67
HPV18_Qv15957	right	2313	chr7	46861717	1	NA	67
HPV18_Qv15957	right	2313	chr7	49723405	1	NA	67
HPV18_Qv15957	right	2313	chr7	51904695	1	NA	67
HPV18_Qv15957	right	2313	chr7	62612744	1	NA	67
HPV18_Qv15957	right	2313	chr7	65755378	1	NA	67
HPV18_Qv15957	right	2313	chr7	69664806	1	NA	67
HPV18_Qv15957	right	2313	chr7	77919888	1	NA	67
HPV18_Qv15957	right	2313	chr7	78862644	1	NA	67
HPV18_Qv15957	right	2313	chr7	80344915	1	NA	67
HPV18_Qv15957	right	2313	chr7	82973570	1	NA	67
HPV18_Qv15957	right	2313	chr7	83376602	1	NA	67
HPV18_Qv15957	right	2313	chr7	84620294	1	NA	67
HPV18_Qv15957	right	2313	chr7	84962570	1	NA	67
HPV18_Qv15957	right	2313	chr7	85805870	1	NA	67
HPV18_Qv15957	right	2313	chr8	9596444	1	NA	67
HPV18_Qv15957	right	2313	chr8	20602799	1	NA	67
HPV18_Qv15957	right	2313	chr8	31712662	1	NA	67
HPV18_Qv15957	right	2313	chr8	40471978	1	NA	67
HPV18_Qv15957	right	2313	chr8	42793066	1	NA	67
HPV18_Qv15957	right	2313	chr8	43179122	1	NA	67
HPV18_Qv15957	right	2313	chr8	43203115	1	NA	67
HPV18_Qv15957	right	2313	chr8	48010119	1	NA	67
HPV18_Qv15957	right	2313	chr8	49400746	1	NA	67
HPV18_Qv15957	right	2313	chr8	54252836	1	NA	67
HPV18_Qv15957	right	2313	chr8	57330271	1	NA	67
HPV18_Qv15957	right	2313	chr8	66294810	1	NA	67
HPV18_Qv15957	right	2313	chr8	67232650	1	NA	67
HPV18_Qv15957	right	2313	chr8	69933842	1	NA	67
HPV18_Qv15957	right	2313	chr8	70038487	1	NA	67
HPV18_Qv15957	right	2313	chr8	70195041	1	NA	67
HPV18_Qv15957	right	2313	chr8	70758135	1	NA	67
HPV18_Qv15957	right	2313	chr8	73755705	1	NA	67
HPV18_Qv15957	right	2313	chr8	75781249	1	NA	67
HPV18_Qv15957	right	2313	chr8	75858421	1	NA	67
HPV18_Qv15957	right	2313	chr8	76537098	1	NA	67
HPV18_Qv15957	right	2313	chr8	78278410	1	NA	67
HPV18_Qv15957	right	2313	chr8	80085859	1	NA	67
HPV18_Qv15957	right	2313	chr8	84361869	1	NA	67
HPV18_Qv15957	right	2313	chr8	85595611	1	NA	67
HPV18_Qv15957	right	2313	chr8	89700427	1	NA	67
HPV18_Qv15957	right	2313	chr8	90568104	1	NA	67
HPV18_Qv15957	right	2313	chr8	92537859	1	NA	67
HPV18_Qv15957	right	2313	chr8	96385469	1	NA	67
HPV18_Qv15957	right	2313	chr8	104799033	1	NA	67
HPV18_Qv15957	right	2313	chr8	108607043	1	NA	67
HPV18_Qv15957	right	2313	chr9	142170	1	NA	67
HPV18_Qv15957	right	2313	chr9	1226363	1	NA	67
HPV18_Qv15957	right	2313	chr9	1572555	1	NA	67
HPV18_Qv15957	right	2313	chr9	3315002	1	NA	67
HPV18_Qv15957	right	2313	chr9	6180745	1	NA	67
HPV18_Qv15957	right	2313	chr9	7218620	1	NA	67
HPV18_Qv15957	right	2313	chr9	13040375	1	NA	67
HPV18_Qv15957	right	2313	chr9	15630652	1	NA	67
HPV18_Qv15957	right	2313	chr9	15905148	1	NA	67
HPV18_Qv15957	right	2313	chr9	19705965	1	NA	67
HPV18_Qv15957	right	2313	chr9	19905953	1	NA	67
HPV18_Qv15957	right	2313	chr9	22506398	1	NA	67
HPV18_Qv15957	right	2313	chr9	25023086	1	NA	67
HPV18_Qv15957	right	2313	chr9	28115445	1	NA	67
HPV18_Qv15957	right	2313	chr9	28496192	1	NA	67
HPV18_Qv15957	right	2313	chr9	28554625	1	NA	67
HPV18_Qv15957	right	2313	chr9	32215363	1	NA	67
HPV18_Qv15957	right	2313	chr9	32228578	1	NA	67
HPV18_Qv15957	right	2313	chr9	32712868	1	NA	67
HPV18_Qv15957	right	2313	chr9	32731506	1	NA	67
HPV18_Qv15957	right	2313	chr9	32960436	1	NA	67
HPV18_Qv15957	right	2313	chr9	34765231	1	NA	67
HPV18_Qv15957	right	2313	chr9	42693809	1	NA	67
HPV18_Qv15957	right	2313	chr9	46443211	1	NA	67
HPV18_Qv15957	right	2313	chr9	68740056	1	NA	67
HPV18_Qv15957	right	2313	chr9	69079062	1	NA	67
HPV18_Qv15957	right	2313	chr9	69225709	1	NA	67
HPV18_Qv15957	right	2313	chr9	70893757	1	NA	67
HPV18_Qv15957	right	2313	chrUn_gl000211	13847	1	NA	67
HPV18_Qv15957	right	2313	chrUn_gl000219	162153	1	NA	67
HPV18_Qv15957	right	2313	chrUn_gl000220	85317	1	NA	67
HPV18_Qv15957	right	2313	chrX	11727860	1	NA	67
HPV18_Qv15957	right	2313	chrX	11956941	1	NA	67
HPV18_Qv15957	right	2313	chrX	14125601	1	NA	67
HPV18_Qv15957	right	2313	chrX	19437785	1	NA	67
HPV18_Qv15957	right	2313	chrX	19961926	1	NA	67
HPV18_Qv15957	right	2313	chrX	26336072	1	NA	67
HPV18_Qv15957	right	2313	chrX	32822105	1	NA	67
HPV18_Qv15957	right	2313	chrX	34269536	1	NA	67
HPV18_Qv15957	right	2313	chrX	36096354	1	NA	67
HPV18_Qv15957	right	2313	chrX	36251266	1	NA	67
HPV18_Qv15957	right	2313	chrX	38951011	1	NA	67
HPV18_Qv15957	right	2313	chrX	49787620	1	NA	67
HPV18_Qv15957	right	2313	chrX	51967716	1	NA	67
HPV18_Qv15957	right	2313	chrX	54746347	1	NA	67
HPV18_Qv15957	right	2313	chrX	55425583	1	NA	67
HPV18_Qv15957	right	2313	chrX	56724810	1	NA	67
HPV18_Qv15957	right	2313	chrX	57652612	1	NA	67
HPV18_Qv15957	right	2313	chrX	57658315	1	NA	67
HPV18_Qv15957	right	2313	chrX	57737574	1	NA	67
HPV18_Qv15957	right	2313	chrX	57755347	1	NA	67
HPV18_Qv15957	right	2313	chrX	62540075	1	NA	67
HPV18_Qv15957	right	2313	chrX	62868959	1	NA	67
HPV18_Qv15957	right	2313	chrX	63236673	1	NA	67
HPV18_Qv15957	right	2313	chrX	63519994	1	NA	67
HPV18_Qv15957	right	2313	chrX	65555566	1	NA	67
HPV18_Qv15957	right	2313	chrX	71120455	1	NA	67
HPV18_Qv15957	right	2313	chrX	72282124	1	NA	67
HPV18_Qv15957	right	2313	chrX	72328474	1	NA	67
HPV18_Qv15957	right	2313	chrY	3314085	1	NA	67
HPV18_Qv15957	right	2313	chrY	4820491	1	NA	67
HPV18_Qv15957	right	2313	chrY	5477748	1	NA	67
HPV18_Qv15957	right	2313	chrY	14633858	1	NA	67
HPV18_Qv15957	right	2313	chrY	16126899	1	NA	67
HPV18_Qv15957	right	2313	chrY	16139589	1	NA	67
HPV18_Qv15957	right	2313	chrY	17035693	1	NA	67
HPV18_Qv15957	right	2313	chrY	17837734	1	NA	67
HPV18_Qv15957	right	2313	chrY	19099417	1	NA	67
HPV18_Qv15957	right	2313	chrY	21538706	1	NA	67
HPV18_Qv15957	right	2313	chrY	25528119	1	NA	67
HPV18_Qv15957	right	2313	chrY	25853239	1	NA	67
HPV18_Qv15957	right	2313	chrY	28109128	1	NA	67
HPV18_Qv15957	right	2313	chrY	28434795	1	NA	67
HPV18_Qv15957	right	2313	chr1_gl000192_random	85663	1	NA	66
HPV18_Qv15957	right	2313	chr13	22128299	1	NA	66
HPV18_Qv15957	right	2313	chr15	27436405	1	NA	66
HPV18_Qv15957	right	2313	chr15	81254807	1	NA	66
HPV18_Qv15957	right	2313	chr16	16782964	1	NA	66
HPV18_Qv15957	right	2313	chr16	16842433	1	NA	66
HPV18_Qv15957	right	2313	chr16	18621980	1	NA	66
HPV18_Qv15957	right	2313	chr16	18681413	1	NA	66
HPV18_Qv15957	right	2313	chr16	21057530	1	NA	66
HPV18_Qv15957	right	2313	chr16	21343877	1	NA	66
HPV18_Qv15957	right	2313	chr16	26433186	1	NA	66
HPV18_Qv15957	right	2313	chr17	3082312	1	NA	66
HPV18_Qv15957	right	2313	chr17	9521795	1	NA	66
HPV18_Qv15957	right	2313	chr17	12356758	1	NA	66
HPV18_Qv15957	right	2313	chr17	14436970	1	NA	66
HPV18_Qv15957	right	2313	chr17	30971466	1	NA	66
HPV18_Qv15957	right	2313	chr17	32413592	1	NA	66
HPV18_Qv15957	right	2313	chr17	32623001	1	NA	66
HPV18_Qv15957	right	2313	chr17	33603832	1	NA	66
HPV18_Qv15957	right	2313	chr17	39360660	1	NA	66
HPV18_Qv15957	right	2313	chr17	54268108	1	NA	66
HPV18_Qv15957	right	2313	chr17	58962339	1	NA	66
HPV18_Qv15957	right	2313	chr18	1519723	1	NA	66
HPV18_Qv15957	right	2313	chr18	10256185	1	NA	66
HPV18_Qv15957	right	2313	chr18	12184256	1	NA	66
HPV18_Qv15957	right	2313	chr18	14041119	1	NA	66
HPV18_Qv15957	right	2313	chr18	19466441	1	NA	66
HPV18_Qv15957	right	2313	chr19	19835425	1	NA	66
HPV18_Qv15957	right	2313	chr19	23798827	1	NA	66
HPV18_Qv15957	right	2313	chr19	28581168	1	NA	66
HPV18_Qv15957	right	2313	chr19	28670987	1	NA	66
HPV18_Qv15957	right	2313	chr19	29952689	1	NA	66
HPV18_Qv15957	right	2313	chr19	33276400	1	NA	66
HPV18_Qv15957	right	2313	chr19	35056629	1	NA	66
HPV18_Qv15957	right	2313	chr19	37192359	1	NA	66
HPV18_Qv15957	right	2313	chr19	37610000	1	NA	66
HPV18_Qv15957	right	2313	chr19	40208116	1	NA	66
HPV18_Qv15957	right	2313	chr19	41994895	1	NA	66
HPV18_Qv15957	right	2313	chr19	56336256	1	NA	66
HPV18_Qv15957	right	2313	chr19	58241271	1	NA	66
HPV18_Qv15957	right	2313	chr20	2484083	1	NA	66
HPV18_Qv15957	right	2313	chr20	7100367	1	NA	66
HPV18_Qv15957	right	2313	chr20	12107882	1	NA	66
HPV18_Qv15957	right	2313	chr20	12458226	1	NA	66
HPV18_Qv15957	right	2313	chr20	12645411	1	NA	66
HPV18_Qv15957	right	2313	chr20	12785202	1	NA	66
HPV18_Qv15957	right	2313	chr20	16891607	1	NA	66
HPV18_Qv15957	right	2313	chr20	21870784	1	NA	66
HPV18_Qv15957	right	2313	chr20	22024629	1	NA	66
HPV18_Qv15957	right	2313	chr20	23164064	1	NA	66
HPV18_Qv15957	right	2313	chr20	23572425	1	NA	66
HPV18_Qv15957	right	2313	chr20	25313070	1	NA	66
HPV18_Qv15957	right	2313	chr20	33662607	1	NA	66
HPV18_Qv15957	right	2313	chr20	41247115	1	NA	66
HPV18_Qv15957	right	2313	chr20	44320010	1	NA	66
HPV18_Qv15957	right	2313	chr21	14506708	1	NA	66
HPV18_Qv15957	right	2313	chr21	17293369	1	NA	66
HPV18_Qv15957	right	2313	chr21	18683595	1	NA	66
HPV18_Qv15957	right	2313	chr21	20522019	1	NA	66
HPV18_Qv15957	right	2313	chr21	27293168	1	NA	66
HPV18_Qv15957	right	2313	chr21	32212568	1	NA	66
HPV18_Qv15957	right	2313	chr21	35301423	1	NA	66
HPV18_Qv15957	right	2313	chr21	37991439	1	NA	66
HPV18_Qv15957	right	2313	chr22	25738359	1	NA	66
HPV18_Qv15957	right	2313	chr22	29008442	1	NA	66
HPV18_Qv15957	right	2313	chr22	29061764	1	NA	66
HPV18_Qv15957	right	2313	chr22	34949210	1	NA	66
HPV18_Qv15957	right	2313	chr22	35076892	1	NA	66
HPV18_Qv15957	right	2313	chr4_ctg9_hap1	118442	1	NA	66
HPV18_Qv15957	right	2313	chr4_ctg9_hap1	222080	1	NA	66
HPV18_Qv15957	right	2313	chr6_apd_hap1	122572	1	NA	66
HPV18_Qv15957	right	2313	chr6_apd_hap1	1053807	1	NA	66
HPV18_Qv15957	right	2313	chr6_cox_hap2	1266269	1	NA	66
HPV18_Qv15957	right	2313	chr6_cox_hap2	1729724	1	NA	66
HPV18_Qv15957	right	2313	chr6_dbb_hap3	122581	1	NA	66
HPV18_Qv15957	right	2313	chr6_mann_hap4	122572	1	NA	66
HPV18_Qv15957	right	2313	chr6_mann_hap4	1565706	1	NA	66
HPV18_Qv15957	right	2313	chr6_qbl_hap6	122572	1	NA	66
HPV18_Qv15957	right	2313	chr6_ssto_hap7	159939	1	NA	66
HPV18_Qv15957	right	2313	chr6_ssto_hap7	1547629	1	NA	66
HPV18_Qv15957	right	2313	chrUn_gl000219	36592	1	NA	66
HPV18_Qv15957	right	2313	chrUn_gl000233	2525	1	NA	66
HPV18_Qv15957	right	2313	chrY	4843900	1	NA	66
HPV18_Qv15957	right	2313	chrY	6497314	1	NA	66
HPV18_Qv15957	right	2313	chrY	7121125	1	NA	66
HPV18_Qv15957	right	2313	chrY	8005895	1	NA	66
HPV18_Qv15957	right	2313	chrY	8177269	1	NA	66
HPV18_Qv15957	right	2313	chrY	8814621	1	NA	66
HPV18_Qv15957	right	2313	chrY	14684107	1	NA	66
HPV18_Qv15957	right	2313	chrY	15147599	1	NA	66
HPV18_Qv15957	right	2313	chrY	15638387	1	NA	66
HPV18_Qv15957	right	2313	chrY	15961343	1	NA	66
HPV18_Qv15957	right	2313	chrY	16082781	1	NA	66
HPV18_Qv15957	right	2313	chrY	16320719	1	NA	66
HPV18_Qv15957	right	2313	chrY	17163096	1	NA	66
HPV18_Qv15957	right	2313	chrY	17540416	1	NA	66
HPV18_Qv15957	right	2313	chrY	18140416	1	NA	66
HPV18_Qv15957	right	2313	chrY	21942321	1	NA	66
HPV18_Qv15957	right	2313	chrY	26370648	1	NA	66
HPV18_Qv15957	right	2313	chr17	3233540	1	NA	65
HPV18_Qv15957	right	2313	chr17	31216644	1	NA	65
HPV18_Qv15957	right	2313	chr17	33723442	1	NA	65
HPV18_Qv15957	right	2313	chr17	50432119	1	NA	65
HPV18_Qv15957	right	2313	chr17	59190076	1	NA	65
HPV18_Qv15957	right	2313	chr19	8910056	1	NA	65
HPV18_Qv15957	right	2313	chr19	20032285	1	NA	65
HPV18_Qv15957	right	2313	chr19	29626116	1	NA	65
HPV18_Qv15957	right	2313	chr19	35194821	1	NA	65
HPV18_Qv15957	right	2313	chr19	40112566	1	NA	65
HPV18_Qv15957	right	2313	chr19	43220934	1	NA	65
HPV18_Qv15957	right	2313	chr21	9496594	1	NA	65
HPV18_Qv15957	right	2313	chr21	18465312	1	NA	65
HPV18_Qv15957	right	2313	chr21	18646349	1	NA	65
HPV18_Qv15957	right	2313	chr21	19123929	1	NA	65
HPV18_Qv15957	right	2313	chr21	20447596	1	NA	65
HPV18_Qv15957	right	2313	chr21	21185503	1	NA	65
HPV18_Qv15957	right	2313	chr21	26290434	1	NA	65
HPV18_Qv15957	right	2313	chr21	38483977	1	NA	65
HPV18_Qv15957	right	2313	chr22	16696948	1	NA	65
HPV18_Qv15957	right	2313	chr22	17249476	1	NA	65
HPV18_Qv15957	right	2313	chr22	22544838	1	NA	65
HPV18_Qv15957	right	2313	chr22	22634708	1	NA	65
HPV18_Qv15957	right	2313	chr22	28708327	1	NA	65
HPV18_Qv15957	right	2313	chr22	28733362	1	NA	65
HPV18_Qv15957	right	2313	chr6_apd_hap1	547290	1	NA	65
HPV18_Qv15957	right	2313	chr6_cox_hap2	762736	1	NA	65
HPV18_Qv15957	right	2313	chr6_cox_hap2	3860388	1	NA	65
HPV18_Qv15957	right	2313	chr6_dbb_hap3	451325	1	NA	65
HPV18_Qv15957	right	2313	chr6_dbb_hap3	547258	1	NA	65
HPV18_Qv15957	right	2313	chr6_dbb_hap3	1511304	1	NA	65
HPV18_Qv15957	right	2313	chr6_dbb_hap3	3668085	1	NA	65
HPV18_Qv15957	right	2313	chr6_mann_hap4	451320	1	NA	65
HPV18_Qv15957	right	2313	chr6_mann_hap4	547256	1	NA	65
HPV18_Qv15957	right	2313	chr6_mann_hap4	3732054	1	NA	65
HPV18_Qv15957	right	2313	chr6_mcf_hap5	3768750	1	NA	65
HPV18_Qv15957	right	2313	chr6_qbl_hap6	451319	1	NA	65
HPV18_Qv15957	right	2313	chr6_qbl_hap6	1510541	1	NA	65
HPV18_Qv15957	right	2313	chr6_qbl_hap6	3650848	1	NA	65
HPV18_Qv15957	right	2313	chr6_ssto_hap7	488807	1	NA	65
HPV18_Qv15957	right	2313	chr6_ssto_hap7	3736635	1	NA	65
HPV18_Qv15957	right	2313	chrUn_gl000217	97389	1	NA	65
HPV18_Qv15957	right	2313	chrUn_gl000219	6913	1	NA	65
HPV18_Qv15957	right	2313	chrUn_gl000246	28847	1	NA	65
HPV18_Qv15957	right	2313	chr17	26541228	1	NA	64
HPV18_Qv15957	right	2313	chr17	39375384	1	NA	64
HPV18_Qv15957	right	2313	chr17	80910556	1	NA	64
HPV18_Qv15957	right	2313	chr19	15707660	1	NA	64
HPV18_Qv15957	right	2313	chr19	20993114	1	NA	64
HPV18_Qv15957	right	2313	chr19_gl000208_random	33416	1	NA	64
HPV18_Qv15957	right	2313	chr21	10878761	1	NA	64
HPV18_Qv15957	right	2313	chr21	15996075	1	NA	64
HPV18_Qv15957	right	2313	chr22	17481065	1	NA	64
HPV18_Qv15957	right	2313	chr22	18415868	1	NA	64
HPV18_Qv15957	right	2313	chr22	24007780	1	NA	64
HPV18_Qv15957	right	2313	chr22	28927525	1	NA	64
HPV18_Qv15957	right	2313	chr22	32694175	1	NA	64
HPV18_Qv15957	right	2313	chr22	35564276	1	NA	64
HPV18_Qv15957	right	2313	chr6_apd_hap1	1712309	1	NA	64
HPV18_Qv15957	right	2313	chr6_cox_hap2	666793	1	NA	64
HPV18_Qv15957	right	2313	chr6_cox_hap2	1912684	1	NA	64
HPV18_Qv15957	right	2313	chr6_dbb_hap3	1694332	1	NA	64
HPV18_Qv15957	right	2313	chr6_mann_hap4	1748754	1	NA	64
HPV18_Qv15957	right	2313	chr6_mcf_hap5	451451	1	NA	64
HPV18_Qv15957	right	2313	chr6_mcf_hap5	1782517	1	NA	64
HPV18_Qv15957	right	2313	chr6_qbl_hap6	1693576	1	NA	64
HPV18_Qv15957	right	2313	chr6_qbl_hap6	2519041	1	NA	64
HPV18_Qv15957	right	2313	chr6_ssto_hap7	2559269	1	NA	64
HPV18_Qv15957	right	2313	chr17	49384938	1	NA	63
HPV18_Qv15957	right	2313	chr19	20814114	1	NA	63
HPV18_Qv15957	right	2313	chr19	21735245	1	NA	63
HPV18_Qv15957	right	2313	chr19	22341860	1	NA	63
HPV18_Qv15957	right	2313	chr22	28589907	1	NA	63
HPV18_Qv15957	right	2313	chr22	28607751	1	NA	63
HPV18_Qv15957	right	2313	chr4_ctg9_hap1	259343	1	NA	63
HPV18_Qv15957	right	2313	chr4_ctg9_hap1	349714	1	NA	63
HPV18_Qv15957	right	2313	chr6_cox_hap2	729186	1	NA	63
HPV18_Qv15957	right	2313	chr6_dbb_hap3	2521384	1	NA	63
HPV18_Qv15957	right	2313	chr6_mcf_hap5	2606318	1	NA	63
HPV18_Qv15957	right	2313	chrUn_gl000219	68897	1	NA	63
HPV18_Qv15957	right	2313	chr19	53711107	1	NA	62
HPV18_Qv15957	right	2313	chr21	41483971	1	NA	61
HPV18_Qv15957	right	2313	chr21	10025450	1	NA	60
HPV16_REF	right	4731	chr18	71036861	1	NA	49
HPV16_REF	right	4731	chrX	79893514	1	NA	47
HPV16_REF	right	4731	chrX	20711837	1	NA	46
HPV16_REF	right	4731	chr1	102676491	1	NA	45
HPV16_REF	right	4731	chr11	103099426	1	NA	45
HPV16_REF	right	4731	chr11	109437424	1	NA	45
HPV16_REF	right	4731	chr13	49626819	1	NA	45
HPV16_REF	right	4731	chr13	55061367	1	NA	45
HPV16_REF	right	4731	chr18	5232710	1	NA	45
HPV16_REF	right	4731	chr2	169861670	1	NA	45
HPV16_REF	right	4731	chr2	187637224	1	NA	45
HPV16_REF	right	4731	chr5	129142312	1	NA	45
HPV16_REF	right	4731	chr8	55838672	1	NA	45
HPV16_REF	right	4731	chr8	97984763	1	NA	45
HPV16_REF	right	4731	chrX	122014739	1	NA	45
HPV16_REF	right	4731	chr1	211099261	1	NA	44
HPV16_REF	right	4731	chr14	40427826	1	NA	44
HPV16_REF	right	4731	chr15	60565153	1	NA	44
HPV16_REF	right	4731	chr2	130280685	1	NA	44
HPV16_REF	right	4731	chr2	133261149	1	NA	44
HPV16_REF	right	4731	chr3	88574971	1	NA	44
HPV16_REF	right	4731	chr5	24023729	1	NA	44
HPV16_REF	right	4731	chr5	36024164	1	NA	44
HPV16_REF	right	4731	chr5	60233110	1	NA	44
HPV16_REF	right	4731	chr8	34295550	1	NA	44
HPV16_REF	right	4731	chrX	121580530	1	NA	44
HPV16_REF	right	4731	chr1	219436333	1	NA	43
HPV16_REF	right	4731	chr19	46553078	1	NA	43
HPV16_REF	right	4731	chr2	7679608	1	NA	43
HPV16_REF	right	4731	chr4	76106748	1	NA	43
HPV16_REF	right	4731	chr5	6126575	1	NA	43
HPV16_REF	right	4731	chr5	110799195	1	NA	43
HPV16_REF	right	4731	chr6	70119286	1	NA	43
HPV16_REF	right	4731	chr6	93327799	1	NA	43
HPV16_REF	right	4731	chr7	88303727	1	NA	43
HPV16_REF	right	4731	chrX	42114555	1	NA	43
HPV16_REF	right	4731	chr3	113073686	1	NA	42
HPV16_REF	right	4731	chr4	67693695	1	NA	42
HPV16_REF	right	4731	chr4	90929201	1	NA	42
HPV16_REF	right	4731	chr4	106953803	1	NA	42
HPV16_REF	right	4731	chr8	84423707	1	NA	42
HPV16_REF	right	4731	chrX	120992992	1	NA	41
